"","label","mean","sd"
"1","E",-1.87213748230606,15.9610842094562
"2","W_concave",-11.831185705102,36.227319897887
"3","W_convex",10.5294313856149,28.7184467500062
